id,suhu,tinggi_gelombang,kecepatan_angin,intensitas_hujan,tanggal_waktu
1,31.79,-0.09,1.54,0.0,"2024-08-31 11:59:42"
2,31.71,-0.1,2.77,0.0,"2024-08-31 11:59:52"
3,31.73,2.45,2.77,0.0,"2024-08-31 12:00:02"
4,31.67,-0.1,3.18,0.0,"2024-08-31 12:00:12"
5,31.66,-0.08,3.18,0.0,"2024-08-31 12:00:22"
6,31.69,-0.1,3.44,0.0,"2024-08-31 12:00:32"
7,31.83,-0.08,3.31,0.0,"2024-08-31 12:00:42"
8,31.86,-0.09,3.04,0.0,"2024-08-31 12:00:52"
9,31.89,-0.07,3.04,0.0,"2024-08-31 12:01:02"
10,31.69,-0.08,3.18,0.0,"2024-08-31 12:01:12"
11,31.75,-0.1,2.77,0.0,"2024-08-31 12:01:22"
12,31.89,0.16,3.04,0.0,"2024-08-31 12:01:32"
13,32.05,0.06,3.18,0.0,"2024-08-31 12:01:42"
14,32.05,-0.05,3.04,0.0,"2024-08-31 12:01:52"
15,31.88,-0.15,3.31,0.0,"2024-08-31 12:02:02"
16,31.78,-0.1,2.77,0.0,"2024-08-31 12:02:12"
17,32.06,-0.08,2.77,0.0,"2024-08-31 12:02:22"
18,32.06,-0.09,3.04,0.0,"2024-08-31 12:02:32"
19,32.24,-0.08,3.04,0.0,"2024-08-31 12:02:42"
20,31.95,-0.07,3.18,0.0,"2024-08-31 12:02:52"
21,31.64,-0.15,3.44,0.0,"2024-08-31 12:03:02"
22,31.55,-0.09,3.18,0.0,"2024-08-31 12:03:12"
23,31.66,-0.39,3.31,0.0,"2024-08-31 12:03:22"
24,31.72,6.59,3.31,0.0,"2024-08-31 12:03:32"
25,31.62,-0.18,3.18,0.0,"2024-08-31 12:03:42"
26,31.34,6.59,2.77,0.0,"2024-08-31 12:03:52"
27,31.46,-0.03,3.04,0.0,"2024-08-31 12:04:02"
28,31.7,-0.07,2.91,0.0,"2024-08-31 12:04:12"
29,31.5,-0.15,3.71,0.0,"2024-08-31 12:04:22"
30,31.51,-0.21,3.04,0.0,"2024-08-31 12:04:32"
31,31.52,-0.02,3.18,0.0,"2024-08-31 12:04:42"
32,31.4,6.59,2.91,0.0,"2024-08-31 12:04:52"
33,31.48,-0.08,3.71,0.0,"2024-08-31 12:05:02"
34,31.16,0.01,2.91,0.0,"2024-08-31 12:05:12"
35,31.38,-0.03,3.18,0.0,"2024-08-31 12:05:22"
36,31.35,-0.1,3.18,0.0,"2024-08-31 12:05:32"
37,31.39,-0.05,3.18,0.0,"2024-08-31 12:05:42"
38,31.48,-0.08,3.58,0.0,"2024-08-31 12:05:52"
39,31.44,6.59,3.44,0.0,"2024-08-31 12:06:03"
40,31.41,-0.07,3.18,0.0,"2024-08-31 12:06:13"
41,31.3,-0.05,3.18,0.0,"2024-08-31 12:06:23"
42,31.2,-0.1,3.04,0.0,"2024-08-31 12:06:33"
43,31.38,-0.1,3.31,0.0,"2024-08-31 12:06:43"
44,31.24,-0.08,3.18,0.0,"2024-08-31 12:06:53"
45,31.29,-0.04,3.44,0.0,"2024-08-31 12:07:03"
46,31.05,-0.09,3.58,0.0,"2024-08-31 12:07:13"
47,30.97,-0.04,3.31,0.0,"2024-08-31 12:07:23"
48,31.15,-0.1,3.44,0.0,"2024-08-31 12:07:33"
49,31.29,-0.09,2.77,0.0,"2024-08-31 12:07:43"
50,31.46,-0.08,3.31,0.0,"2024-08-31 12:07:53"
51,31.43,-0.05,3.18,0.0,"2024-08-31 12:08:03"
52,31.24,-0.1,2.77,0.0,"2024-08-31 12:08:13"
53,31.38,0.04,3.18,0.0,"2024-08-31 12:08:23"
54,31.25,-0.02,3.04,0.0,"2024-08-31 12:08:33"
55,31.41,-0.03,2.64,0.0,"2024-08-31 12:08:43"
56,31.53,-0.33,3.04,0.0,"2024-08-31 12:08:53"
57,31.66,-0.02,3.18,0.0,"2024-08-31 12:09:03"
58,31.54,-0.02,2.91,0.0,"2024-08-31 12:09:13"
59,31.42,-0.05,3.04,0.0,"2024-08-31 12:09:23"
60,31.27,-0.05,3.04,0.0,"2024-08-31 12:09:33"
61,31.39,0.24,2.91,0.0,"2024-08-31 12:09:43"
62,31.46,-0.05,3.04,0.0,"2024-08-31 12:09:53"
63,31.37,-0.05,3.44,0.0,"2024-08-31 12:10:03"
64,31.39,-0.02,4.24,0.0,"2024-08-31 12:10:13"
65,31.15,-0.08,1.54,0.0,"2024-08-31 12:11:56"
66,31.3,-0.07,3.71,0.0,"2024-08-31 12:12:06"
67,31.21,-0.12,3.31,0.0,"2024-08-31 12:12:16"
68,31.26,-0.07,3.97,0.0,"2024-08-31 12:12:26"
69,30.98,6.59,3.31,0.0,"2024-08-31 12:12:36"
70,31.25,-0.03,3.31,0.0,"2024-08-31 12:12:46"
71,31.06,6.59,3.58,0.0,"2024-08-31 12:12:56"
72,31.14,-0.06,2.91,0.0,"2024-08-31 12:13:06"
73,31.36,-0.02,3.58,0.0,"2024-08-31 12:13:16"
74,31.24,-0.03,3.31,0.0,"2024-08-31 12:13:26"
75,31.3,-0.06,2.91,0.0,"2024-08-31 12:13:36"
76,31.24,-0.03,3.18,0.0,"2024-08-31 12:13:46"
77,31.34,-0.01,3.44,0.0,"2024-08-31 12:13:56"
78,31.33,-0.09,3.04,0.0,"2024-08-31 12:14:06"
79,31.21,-0.05,3.31,0.0,"2024-08-31 12:14:16"
80,31.24,-0.05,3.04,0.0,"2024-08-31 12:14:26"
81,31.32,-0.03,3.04,0.0,"2024-08-31 12:14:36"
82,31.31,-0.02,2.91,0.0,"2024-08-31 12:14:46"
83,31.48,-0.03,3.18,0.0,"2024-08-31 12:14:56"
84,31.46,-0.02,3.18,0.0,"2024-08-31 12:15:06"
85,31.68,-0.03,3.44,0.0,"2024-08-31 12:15:16"
86,31.54,-0.09,3.04,0.0,"2024-08-31 12:15:26"
87,31.52,0.18,3.18,0.0,"2024-08-31 12:15:36"
88,31.41,-0.04,3.04,0.0,"2024-08-31 12:15:46"
89,31.66,-0.14,3.18,0.0,"2024-08-31 12:15:56"
90,31.81,0.0,2.64,0.0,"2024-08-31 12:16:06"
91,32.1,0.0,2.77,0.0,"2024-08-31 12:16:16"
92,32.12,-0.11,2.77,0.0,"2024-08-31 12:16:26"
93,32.22,0.01,3.18,0.0,"2024-08-31 12:16:36"
94,31.99,-0.06,2.77,0.0,"2024-08-31 12:16:46"
95,32.03,-0.06,2.77,0.0,"2024-08-31 12:16:56"
96,32.11,-0.04,2.77,0.0,"2024-08-31 12:17:06"
97,32.12,-0.09,3.31,0.0,"2024-08-31 12:17:16"
98,32.15,-0.07,2.91,0.0,"2024-08-31 12:17:26"
99,32.02,-0.06,3.04,0.0,"2024-08-31 12:17:36"
100,31.91,-0.05,2.77,0.0,"2024-08-31 12:17:46"
101,32.24,-0.06,3.31,0.0,"2024-08-31 12:17:56"
102,31.96,-0.06,3.04,0.0,"2024-08-31 12:18:06"
103,32.13,2.53,3.04,0.0,"2024-08-31 12:18:16"
104,32.17,-0.01,2.64,0.0,"2024-08-31 12:18:26"
105,32.1,-0.04,2.91,0.0,"2024-08-31 12:18:36"
106,32.07,-0.03,2.91,0.0,"2024-08-31 12:18:46"
107,32.07,-0.06,3.04,0.0,"2024-08-31 12:18:56"
108,32.04,0.3,2.91,0.0,"2024-08-31 12:19:06"
109,32.14,-0.04,2.5,0.0,"2024-08-31 12:19:17"
110,32.24,-0.04,3.31,0.0,"2024-08-31 12:19:27"
111,32.16,-0.06,3.04,0.0,"2024-08-31 12:19:37"
112,31.97,-0.04,3.04,0.0,"2024-08-31 12:19:47"
113,31.91,-0.02,3.31,0.0,"2024-08-31 12:19:57"
114,31.72,-0.06,2.91,0.0,"2024-08-31 12:20:07"
115,31.9,6.59,3.18,0.0,"2024-08-31 12:20:17"
116,31.82,0.01,2.91,0.0,"2024-08-31 12:20:27"
117,31.97,-0.03,2.91,0.0,"2024-08-31 12:20:37"
118,32.06,-0.07,2.91,0.0,"2024-08-31 12:20:47"
119,32.27,6.74,3.31,0.0,"2024-08-31 12:20:57"
120,32.3,-0.01,3.44,0.0,"2024-08-31 12:21:07"
121,32.17,-0.07,3.18,0.0,"2024-08-31 12:21:17"
122,32.07,-0.04,3.31,0.0,"2024-08-31 12:21:27"
123,32.06,-0.04,3.04,0.0,"2024-08-31 12:21:37"
124,31.91,0.18,2.91,0.0,"2024-08-31 12:21:47"
125,31.89,-0.03,3.04,0.0,"2024-08-31 12:21:57"
126,31.99,-0.04,3.04,0.0,"2024-08-31 12:22:07"
127,31.93,-0.04,3.04,0.0,"2024-08-31 12:22:17"
128,32.07,0.01,3.18,0.0,"2024-08-31 12:22:27"
129,31.81,6.59,3.84,0.0,"2024-08-31 12:22:37"
130,31.74,-1.37,2.91,0.0,"2024-08-31 12:22:47"
131,31.76,-0.06,3.18,0.0,"2024-08-31 12:22:57"
132,31.85,-0.07,3.04,0.0,"2024-08-31 12:23:07"
133,31.77,0.04,3.31,0.0,"2024-08-31 12:23:17"
134,31.67,-0.03,3.58,0.0,"2024-08-31 12:23:27"
135,31.68,6.59,3.18,0.0,"2024-08-31 12:23:37"
136,31.75,6.59,3.71,0.0,"2024-08-31 12:23:47"
137,31.56,-0.03,3.44,0.0,"2024-08-31 12:23:57"
138,31.66,-0.04,3.44,0.0,"2024-08-31 12:24:07"
139,31.67,6.59,3.18,0.0,"2024-08-31 12:24:17"
140,31.62,-0.01,3.71,0.0,"2024-08-31 12:24:27"
141,31.51,-0.03,3.44,0.0,"2024-08-31 12:24:37"
142,31.71,-0.05,3.31,0.0,"2024-08-31 12:24:47"
143,31.73,6.16,3.58,0.0,"2024-08-31 12:24:57"
144,31.74,0.0,3.04,0.0,"2024-08-31 12:25:07"
145,31.81,0.05,3.84,0.0,"2024-08-31 12:25:17"
146,31.91,0.02,2.91,0.0,"2024-08-31 12:25:27"
147,31.99,-0.06,2.91,0.0,"2024-08-31 12:25:37"
148,32.05,-0.05,2.91,0.0,"2024-08-31 12:25:47"
149,32.19,0.04,2.91,0.0,"2024-08-31 12:25:57"
150,32.34,-0.06,3.18,0.0,"2024-08-31 12:26:07"
151,32.37,0.24,2.64,0.0,"2024-08-31 12:26:17"
152,32.4,-0.01,3.18,0.0,"2024-08-31 12:26:27"
153,32.34,-0.02,3.04,0.0,"2024-08-31 12:26:37"
154,32.54,-0.09,3.04,0.0,"2024-08-31 12:26:47"
155,32.71,-0.05,3.31,0.0,"2024-08-31 12:26:57"
156,32.7,0.01,3.44,0.0,"2024-08-31 12:27:07"
157,32.53,-0.04,3.71,0.0,"2024-08-31 12:27:17"
158,32.4,-0.02,3.58,0.0,"2024-08-31 12:27:27"
159,32.43,-0.04,3.44,0.0,"2024-08-31 12:27:37"
160,32.47,-0.04,3.97,0.0,"2024-08-31 12:27:47"
161,32.59,0.0,3.44,0.0,"2024-08-31 12:27:57"
162,32.4,-0.04,3.84,0.0,"2024-08-31 12:28:07"
163,32.28,-0.04,3.18,0.0,"2024-08-31 12:28:17"
164,32.4,-0.02,3.44,0.0,"2024-08-31 12:28:27"
165,32.51,-0.01,1.54,0.0,"2024-08-31 12:34:48"
166,32.45,-0.05,3.04,0.0,"2024-08-31 12:34:58"
167,32.43,6.59,3.18,0.0,"2024-08-31 12:35:08"
168,32.51,-0.03,3.31,0.0,"2024-08-31 12:35:18"
169,32.51,0.02,3.31,0.0,"2024-08-31 12:35:28"
170,32.55,-0.01,3.18,0.0,"2024-08-31 12:35:38"
171,32.4,0.03,3.04,0.0,"2024-08-31 12:35:48"
172,32.5,-0.02,3.84,0.0,"2024-08-31 12:35:58"
173,32.62,-0.02,3.18,0.0,"2024-08-31 12:36:08"
174,32.68,0.01,3.31,0.0,"2024-08-31 12:36:18"
175,32.71,0.0,3.44,0.0,"2024-08-31 12:36:28"
176,32.67,0.06,3.84,0.0,"2024-08-31 12:36:38"
177,32.39,-0.02,3.44,0.0,"2024-08-31 12:36:48"
178,32.54,0.09,2.91,0.0,"2024-08-31 12:36:58"
179,32.56,-0.01,3.44,0.0,"2024-08-31 12:37:08"
180,32.48,0.0,2.91,0.0,"2024-08-31 12:37:18"
181,32.56,0.02,3.04,0.0,"2024-08-31 12:37:28"
182,32.5,-0.03,3.58,0.0,"2024-08-31 12:37:38"
183,32.63,0.0,3.04,0.0,"2024-08-31 12:37:48"
184,32.58,0.01,3.18,0.0,"2024-08-31 12:37:58"
185,32.68,-0.01,3.84,0.0,"2024-08-31 12:38:08"
186,32.65,-0.07,2.91,0.0,"2024-08-31 12:38:18"
187,32.83,-0.06,3.04,0.0,"2024-08-31 12:38:28"
188,33.0,0.01,3.31,0.0,"2024-08-31 12:38:38"
189,32.84,0.01,3.04,0.0,"2024-08-31 12:38:48"
190,32.76,6.59,3.18,0.0,"2024-08-31 12:38:58"
191,32.77,0.01,3.58,0.0,"2024-08-31 12:39:08"
192,32.8,-0.01,3.58,0.0,"2024-08-31 12:39:18"
193,32.79,-0.06,3.44,0.0,"2024-08-31 12:39:28"
194,32.89,6.59,3.31,0.0,"2024-08-31 12:39:38"
195,32.87,0.02,3.58,0.0,"2024-08-31 12:39:48"
196,32.72,-0.05,3.04,0.0,"2024-08-31 12:39:58"
197,32.72,0.02,3.04,0.0,"2024-08-31 12:40:08"
198,32.62,6.57,3.18,0.0,"2024-08-31 12:40:18"
199,32.5,-0.04,3.44,0.0,"2024-08-31 12:40:28"
200,32.33,0.04,1.54,0.0,"2024-08-31 12:47:13"
201,32.34,0.03,3.04,0.0,"2024-08-31 12:47:23"
202,32.32,6.6,2.91,0.0,"2024-08-31 12:47:33"
203,32.21,0.02,3.44,0.0,"2024-08-31 12:47:43"
204,32.07,-0.07,3.04,0.0,"2024-08-31 12:47:53"
205,32.15,0.01,3.58,0.0,"2024-08-31 12:48:03"
206,32.01,0.03,3.18,0.0,"2024-08-31 12:48:13"
207,32.02,0.01,3.18,0.0,"2024-08-31 12:48:23"
208,32.21,-0.02,2.91,0.0,"2024-08-31 12:48:33"
209,32.05,0.04,3.31,0.0,"2024-08-31 12:48:43"
210,31.8,0.08,3.04,0.0,"2024-08-31 12:48:53"
211,31.83,0.03,2.91,0.0,"2024-08-31 12:49:03"
212,31.85,0.05,3.04,0.0,"2024-08-31 12:49:13"
213,31.86,0.08,3.31,0.0,"2024-08-31 12:49:23"
214,31.81,0.02,3.04,0.0,"2024-08-31 12:49:33"
215,31.78,0.05,3.04,0.0,"2024-08-31 12:49:43"
216,31.84,0.05,3.18,0.0,"2024-08-31 12:49:53"
217,31.84,0.0,2.77,0.0,"2024-08-31 12:50:03"
218,31.87,0.11,3.31,0.0,"2024-08-31 12:50:13"
219,32.03,0.09,3.18,0.0,"2024-08-31 12:50:23"
220,32.13,0.01,3.18,0.0,"2024-08-31 12:50:33"
221,32.19,0.04,2.77,0.0,"2024-08-31 12:50:43"
222,32.32,0.09,2.91,0.0,"2024-08-31 12:50:53"
223,32.44,0.04,3.18,0.0,"2024-08-31 12:51:03"
224,32.56,-0.02,2.91,0.0,"2024-08-31 12:51:14"
225,32.7,0.08,2.77,0.0,"2024-08-31 12:51:24"
226,32.69,0.03,3.31,0.0,"2024-08-31 12:51:34"
227,32.54,0.05,3.18,0.0,"2024-08-31 12:51:44"
228,32.41,6.59,3.04,0.0,"2024-08-31 12:51:54"
229,32.52,0.05,3.44,0.0,"2024-08-31 12:52:04"
230,32.6,6.59,2.64,0.0,"2024-08-31 12:52:14"
231,32.68,6.47,2.37,0.0,"2024-08-31 12:52:24"
232,32.86,0.06,3.04,0.0,"2024-08-31 12:52:34"
233,33.0,0.03,2.64,0.0,"2024-08-31 12:52:44"
234,33.02,0.04,3.18,0.0,"2024-08-31 12:52:54"
235,32.84,0.09,3.04,0.0,"2024-08-31 12:53:04"
236,32.78,0.03,3.04,0.0,"2024-08-31 12:53:14"
237,32.67,-0.05,3.04,0.0,"2024-08-31 12:53:24"
238,32.6,6.59,3.18,0.0,"2024-08-31 12:53:34"
239,32.63,-0.22,2.64,0.0,"2024-08-31 12:53:44"
240,31.51,0.09,1.54,0.0,"2024-08-31 12:54:55"
241,31.59,0.09,2.91,0.0,"2024-08-31 12:55:05"
242,31.65,0.06,3.97,0.0,"2024-08-31 12:55:15"
243,31.54,0.07,3.84,0.0,"2024-08-31 12:55:25"
244,31.36,0.08,3.71,0.0,"2024-08-31 12:55:35"
245,31.35,0.07,3.04,0.0,"2024-08-31 12:55:45"
246,31.56,6.57,1.54,0.0,"2024-08-31 12:56:04"
247,31.5,0.04,3.18,0.0,"2024-08-31 12:56:14"
248,31.46,0.08,3.04,0.0,"2024-08-31 12:56:24"
249,31.51,0.04,3.44,0.0,"2024-08-31 12:56:34"
250,31.43,-0.01,3.71,0.0,"2024-08-31 12:56:44"
251,31.37,0.06,3.58,0.0,"2024-08-31 12:56:54"
252,31.39,6.56,3.31,0.0,"2024-08-31 12:57:04"
253,31.34,6.56,3.31,0.0,"2024-08-31 12:57:14"
254,31.36,0.06,3.31,0.0,"2024-08-31 12:57:24"
255,31.45,0.05,1.54,0.0,"2024-08-31 12:57:46"
256,31.44,0.03,3.58,0.0,"2024-08-31 12:57:56"
257,31.49,0.04,3.31,0.0,"2024-08-31 12:58:06"
258,31.56,0.07,3.18,0.0,"2024-08-31 12:58:16"
259,31.64,0.05,3.04,0.0,"2024-08-31 12:58:26"
260,31.68,-0.01,3.84,0.0,"2024-08-31 12:58:36"
261,31.51,0.02,4.1,0.0,"2024-08-31 12:58:46"
262,31.48,0.05,3.71,0.0,"2024-08-31 12:58:56"
263,31.6,0.04,3.31,0.0,"2024-08-31 12:59:06"
264,31.47,0.11,3.44,0.0,"2024-08-31 12:59:17"
265,31.59,0.04,3.18,0.0,"2024-08-31 12:59:27"
266,31.64,-0.01,2.91,0.0,"2024-08-31 12:59:37"
267,31.61,0.07,3.18,0.0,"2024-08-31 12:59:47"
268,31.56,0.06,3.71,0.0,"2024-08-31 12:59:57"
269,31.57,0.07,3.58,0.0,"2024-08-31 13:00:07"
270,31.66,6.57,2.91,0.0,"2024-08-31 13:00:17"
271,31.77,0.07,2.91,0.0,"2024-08-31 13:00:27"
272,31.98,-0.44,3.31,0.0,"2024-08-31 13:00:37"
273,31.94,0.04,3.84,0.0,"2024-08-31 13:00:47"
274,31.78,0.02,3.44,0.0,"2024-08-31 13:00:57"
275,31.8,-0.01,3.44,0.0,"2024-08-31 13:01:07"
276,31.81,6.57,3.84,0.0,"2024-08-31 13:01:17"
277,31.64,0.08,4.1,0.0,"2024-08-31 13:01:27"
278,31.57,0.04,3.18,0.0,"2024-08-31 13:01:37"
279,31.85,0.03,3.84,0.0,"2024-08-31 13:01:47"
280,31.74,0.09,3.58,0.0,"2024-08-31 13:01:57"
281,32.06,0.07,2.91,0.0,"2024-08-31 13:02:07"
282,32.28,0.02,3.04,0.0,"2024-08-31 13:02:17"
283,32.19,0.1,3.44,0.0,"2024-08-31 13:02:27"
284,32.26,0.34,3.04,0.0,"2024-08-31 13:02:37"
285,32.24,0.05,3.31,0.0,"2024-08-31 13:02:47"
286,32.19,0.87,3.84,0.0,"2024-08-31 13:02:57"
287,32.1,0.07,3.18,0.0,"2024-08-31 13:03:07"
288,32.17,0.09,3.71,0.0,"2024-08-31 13:03:17"
289,32.15,0.08,3.44,0.0,"2024-08-31 13:03:27"
290,32.33,0.04,3.44,0.0,"2024-08-31 13:03:37"
291,32.2,0.09,3.31,0.0,"2024-08-31 13:03:47"
292,32.08,0.06,3.97,0.0,"2024-08-31 13:03:57"
293,31.92,0.06,3.44,0.0,"2024-08-31 13:04:07"
294,31.84,0.08,3.58,0.0,"2024-08-31 13:04:17"
295,31.78,6.57,3.71,0.0,"2024-08-31 13:04:27"
296,31.97,0.05,3.58,0.0,"2024-08-31 13:04:37"
297,32.11,6.57,3.04,0.0,"2024-08-31 13:04:47"
298,32.27,0.03,3.44,0.0,"2024-08-31 13:04:57"
299,32.26,0.07,3.04,0.0,"2024-08-31 13:05:07"
300,32.16,0.09,3.97,0.0,"2024-08-31 13:05:17"
301,32.16,0.03,3.44,0.0,"2024-08-31 13:05:27"
302,32.13,6.57,3.58,0.0,"2024-08-31 13:05:37"
303,32.2,0.09,3.04,0.0,"2024-08-31 13:05:47"
304,32.24,6.57,2.91,0.0,"2024-08-31 13:05:57"
305,32.37,0.06,2.64,0.0,"2024-08-31 13:06:07"
306,32.5,0.09,3.04,0.0,"2024-08-31 13:06:17"
307,32.41,0.07,3.58,0.0,"2024-08-31 13:06:27"
308,32.28,0.17,3.31,0.0,"2024-08-31 13:06:37"
309,32.31,0.05,3.31,0.0,"2024-08-31 13:06:47"
310,32.2,0.07,3.04,0.0,"2024-08-31 13:06:57"
311,32.11,0.08,2.91,0.0,"2024-08-31 13:07:07"
312,32.1,0.05,3.18,0.0,"2024-08-31 13:07:17"
313,32.09,6.44,3.04,0.0,"2024-08-31 13:07:27"
314,32.0,0.11,3.71,0.0,"2024-08-31 13:07:37"
315,31.95,0.03,3.71,0.0,"2024-08-31 13:07:47"
316,31.91,0.1,3.31,0.0,"2024-08-31 13:07:57"
317,31.98,0.05,3.18,0.0,"2024-08-31 13:08:07"
318,31.96,0.05,3.44,0.0,"2024-08-31 13:08:17"
319,31.86,0.1,3.44,0.0,"2024-08-31 13:08:27"
320,31.7,0.08,3.97,0.0,"2024-08-31 13:08:37"
321,31.63,0.1,4.37,0.0,"2024-08-31 13:08:47"
322,31.54,0.07,3.84,0.0,"2024-08-31 13:08:57"
323,31.59,0.07,3.84,0.0,"2024-08-31 13:09:07"
324,31.74,0.09,3.71,0.0,"2024-08-31 13:09:17"
325,31.8,0.11,3.97,0.0,"2024-08-31 13:09:27"
326,31.68,0.05,3.31,0.0,"2024-08-31 13:09:37"
327,31.76,0.13,3.31,0.0,"2024-08-31 13:09:47"
328,31.85,0.09,3.31,0.0,"2024-08-31 13:09:57"
329,32.01,0.09,3.31,0.0,"2024-08-31 13:10:07"
330,31.95,0.12,3.18,0.0,"2024-08-31 13:10:17"
331,32.01,0.05,1.54,0.0,"2024-08-31 13:12:32"
332,32.07,0.11,3.31,0.0,"2024-08-31 13:12:42"
333,32.16,0.07,3.58,0.0,"2024-08-31 13:12:52"
334,32.28,0.19,3.71,0.0,"2024-08-31 13:13:02"
335,32.51,0.1,2.77,0.0,"2024-08-31 13:13:12"
336,32.49,0.09,2.91,0.0,"2024-08-31 13:13:22"
337,32.43,0.07,2.91,0.0,"2024-08-31 13:13:32"
338,32.66,0.13,3.31,0.0,"2024-08-31 13:13:42"
339,32.63,6.57,3.18,0.0,"2024-08-31 13:13:52"
340,32.66,5.3,3.84,0.0,"2024-08-31 13:14:02"
341,32.53,0.13,3.18,0.0,"2024-08-31 13:14:12"
342,32.47,0.09,3.04,0.0,"2024-08-31 13:14:22"
343,32.65,0.16,3.18,0.0,"2024-08-31 13:14:32"
344,32.64,0.13,3.44,0.0,"2024-08-31 13:14:42"
345,32.56,0.12,3.04,0.0,"2024-08-31 13:14:52"
346,32.82,6.57,1.54,0.0,"2024-08-31 13:15:54"
347,32.92,0.07,3.44,0.0,"2024-08-31 13:16:04"
348,32.76,0.11,3.84,0.0,"2024-08-31 13:16:14"
349,32.63,0.09,3.31,0.0,"2024-08-31 13:16:24"
350,32.75,0.12,3.04,0.0,"2024-08-31 13:16:34"
351,32.68,0.12,3.44,0.0,"2024-08-31 13:16:44"
352,32.79,0.1,3.71,0.0,"2024-08-31 13:16:54"
353,32.77,0.06,3.18,0.0,"2024-08-31 13:17:04"
354,32.77,0.1,3.04,0.0,"2024-08-31 13:17:14"
355,32.95,0.11,3.31,0.0,"2024-08-31 13:17:24"
356,33.14,0.07,3.04,0.0,"2024-08-31 13:17:34"
357,33.28,0.09,3.44,0.0,"2024-08-31 13:17:44"
358,33.3,0.11,3.18,0.0,"2024-08-31 13:17:54"
359,33.35,0.1,2.64,0.0,"2024-08-31 13:18:04"
360,33.62,0.03,2.5,0.0,"2024-08-31 13:18:14"
361,33.75,0.14,3.18,0.0,"2024-08-31 13:18:24"
362,33.75,0.08,2.5,0.0,"2024-08-31 13:18:34"
363,34.02,0.1,2.5,0.0,"2024-08-31 13:18:44"
364,34.18,0.09,2.91,0.0,"2024-08-31 13:18:54"
365,34.12,0.08,3.04,0.0,"2024-08-31 13:19:04"
366,34.1,6.58,3.44,0.0,"2024-08-31 13:19:14"
367,34.0,0.15,3.04,0.0,"2024-08-31 13:19:24"
368,34.03,0.14,3.97,0.0,"2024-08-31 13:19:34"
369,33.71,0.04,3.97,0.0,"2024-08-31 13:19:44"
370,33.57,0.08,3.18,0.0,"2024-08-31 13:19:54"
371,33.56,0.14,3.18,0.0,"2024-08-31 13:20:04"
372,33.42,0.05,3.44,0.0,"2024-08-31 13:20:14"
373,33.27,6.57,3.97,0.0,"2024-08-31 13:20:24"
374,33.28,0.13,3.18,0.0,"2024-08-31 13:20:34"
375,33.47,0.08,2.91,0.0,"2024-08-31 13:20:44"
376,33.65,0.14,3.04,0.0,"2024-08-31 13:20:54"
377,33.7,6.57,2.64,0.0,"2024-08-31 13:21:04"
378,33.72,0.06,3.44,0.0,"2024-08-31 13:21:14"
379,33.58,0.12,3.31,0.0,"2024-08-31 13:21:24"
380,33.71,0.15,2.77,0.0,"2024-08-31 13:21:34"
381,34.02,0.09,2.64,0.0,"2024-08-31 13:21:44"
382,34.32,6.57,2.77,0.0,"2024-08-31 13:21:54"
383,34.5,0.18,2.09,0.0,"2024-08-31 13:22:04"
384,34.69,6.44,2.37,0.0,"2024-08-31 13:22:14"
385,34.64,-0.02,2.09,0.0,"2024-08-31 13:22:24"
386,34.72,0.1,2.77,0.0,"2024-08-31 13:22:34"
387,34.63,0.09,2.91,0.0,"2024-08-31 13:22:44"
388,34.61,0.08,2.64,0.0,"2024-08-31 13:22:54"
389,34.41,0.11,3.44,0.0,"2024-08-31 13:23:04"
390,33.9,0.09,3.04,0.0,"2024-08-31 13:23:14"
391,33.57,0.14,3.18,0.0,"2024-08-31 13:23:24"
392,33.49,0.14,3.04,0.0,"2024-08-31 13:23:34"
393,33.46,0.14,2.5,0.0,"2024-08-31 13:23:44"
394,33.59,0.14,2.64,0.0,"2024-08-31 13:23:54"
395,33.73,0.11,2.77,0.0,"2024-08-31 13:24:04"
396,33.47,0.05,3.58,0.0,"2024-08-31 13:24:14"
397,33.27,0.12,2.77,0.0,"2024-08-31 13:24:24"
398,33.19,6.57,2.64,0.0,"2024-08-31 13:24:34"
399,33.24,0.11,3.18,0.0,"2024-08-31 13:24:44"
400,33.24,0.13,3.18,0.0,"2024-08-31 13:24:54"
401,33.09,0.11,3.18,0.0,"2024-08-31 13:25:04"
402,33.23,0.12,3.44,0.0,"2024-08-31 13:25:14"
403,33.07,0.12,3.31,0.0,"2024-08-31 13:25:24"
404,33.17,0.13,3.31,0.0,"2024-08-31 13:25:34"
405,33.21,6.57,2.91,0.0,"2024-08-31 13:25:44"
406,33.14,0.1,3.18,0.0,"2024-08-31 13:25:54"
407,33.25,0.13,3.31,0.0,"2024-08-31 13:26:04"
408,33.26,6.57,2.91,0.0,"2024-08-31 13:26:14"
409,32.99,0.13,3.04,0.0,"2024-08-31 13:26:24"
410,33.04,6.57,2.37,0.0,"2024-08-31 13:26:34"
411,33.22,6.57,3.04,0.0,"2024-08-31 13:26:44"
412,33.2,0.15,2.23,0.0,"2024-08-31 13:26:54"
413,33.41,0.16,2.37,0.0,"2024-08-31 13:27:05"
414,33.46,0.1,2.5,0.0,"2024-08-31 13:27:15"
415,33.39,0.15,2.64,0.0,"2024-08-31 13:27:25"
416,33.18,0.12,2.5,0.0,"2024-08-31 13:27:35"
417,33.22,0.11,2.64,0.0,"2024-08-31 13:27:45"
418,33.3,0.15,2.64,0.0,"2024-08-31 13:27:55"
419,33.4,0.16,2.91,0.0,"2024-08-31 13:28:05"
420,33.45,0.12,3.71,0.0,"2024-08-31 13:28:15"
421,33.1,0.13,3.04,0.0,"2024-08-31 13:28:25"
422,33.04,0.13,2.64,0.0,"2024-08-31 13:28:35"
423,33.07,6.57,3.04,0.0,"2024-08-31 13:28:45"
424,33.01,0.15,3.04,0.0,"2024-08-31 13:28:55"
425,32.7,0.14,3.18,0.0,"2024-08-31 13:29:05"
426,32.16,0.18,2.77,0.0,"2024-08-31 13:29:15"
427,32.25,0.07,2.91,0.0,"2024-08-31 13:29:25"
428,32.3,0.16,2.91,0.0,"2024-08-31 13:29:35"
429,32.26,-1.75,3.04,0.0,"2024-08-31 13:29:45"
430,32.31,0.25,3.44,0.0,"2024-08-31 13:29:55"
431,32.33,6.39,2.91,0.0,"2024-08-31 13:30:05"
432,30.67,-0.05,1.54,0.0,"2024-09-01 12:05:01"
433,30.87,-0.02,1.54,0.0,"2024-09-01 12:05:23"
434,30.92,-0.03,1.54,0.0,"2024-09-01 12:05:45"
435,30.96,-0.27,1.54,0.0,"2024-09-01 12:06:51"
436,30.97,-0.05,1.54,0.0,"2024-09-01 12:07:13"
437,30.89,0.01,1.54,0.0,"2024-09-01 12:07:35"
438,30.86,5.35,1.54,0.0,"2024-09-01 12:07:57"
439,30.89,-0.1,1.54,0.0,"2024-09-01 12:08:20"
440,30.93,0.02,1.54,0.0,"2024-09-01 12:08:42"
441,31.17,-0.04,1.54,0.0,"2024-09-01 12:10:19"
442,31.21,-0.06,1.54,0.0,"2024-09-01 12:10:51"
443,31.2,-0.04,1.54,0.0,"2024-09-01 12:11:23"
444,31.24,-0.03,1.54,0.0,"2024-09-01 12:11:55"
445,31.77,6.65,1.54,0.0,"2024-09-01 12:14:02"
446,31.76,0.04,1.54,0.0,"2024-09-01 12:14:34"
447,31.85,-0.07,1.54,0.0,"2024-09-01 12:15:06"
448,31.82,-0.58,1.54,0.0,"2024-09-01 12:15:38"
449,31.87,-0.07,1.54,0.0,"2024-09-01 12:16:11"
450,31.97,-0.08,1.54,0.0,"2024-09-01 12:16:43"
451,32.13,0.01,1.54,0.0,"2024-09-01 12:17:15"
452,32.21,-0.02,1.54,0.0,"2024-09-01 12:17:47"
453,32.22,-0.07,1.54,0.0,"2024-09-01 12:18:19"
454,32.54,-0.06,1.54,0.0,"2024-09-01 12:18:52"
455,32.58,-0.08,1.54,0.0,"2024-09-01 12:19:24"
456,33.7,0.05,1.54,0.0,"2024-09-01 12:24:44"
457,33.58,0.05,1.54,0.0,"2024-09-01 12:25:16"
458,33.67,-6.65,1.54,0.0,"2024-09-01 12:25:49"
459,33.81,0.07,1.54,0.0,"2024-09-01 12:26:21"
460,33.76,-0.02,1.54,0.0,"2024-09-01 12:26:53"
461,33.78,-0.1,1.54,0.0,"2024-09-01 12:27:25"
462,33.9,0.05,1.54,0.0,"2024-09-01 12:27:58"
463,34.06,0.03,1.54,0.0,"2024-09-01 12:28:30"
464,33.99,-0.09,1.54,0.0,"2024-09-01 12:29:02"
465,34.06,-0.02,1.54,0.0,"2024-09-01 12:29:34"
466,34.07,0.05,1.54,0.0,"2024-09-01 12:30:07"
467,34.3,0.08,1.54,0.0,"2024-09-01 12:30:39"
468,34.32,0.06,1.54,0.0,"2024-09-01 12:31:11"
469,34.46,0.0,1.54,0.0,"2024-09-01 12:31:43"
470,34.5,0.06,1.54,0.0,"2024-09-01 12:32:15"
471,34.6,-0.03,1.54,0.0,"2024-09-01 12:32:47"
472,35.47,-0.13,1.54,0.0,"2024-09-01 12:33:20"
473,34.97,0.02,1.54,0.0,"2024-09-01 12:33:52"
474,35.14,0.02,1.54,0.0,"2024-09-01 12:34:24"
475,35.23,0.01,1.54,0.0,"2024-09-01 12:34:56"
476,34.93,-0.05,1.54,0.0,"2024-09-01 12:35:29"
477,35.12,0.03,1.54,0.0,"2024-09-01 12:36:01"
478,35.0,0.01,1.54,0.0,"2024-09-01 12:36:33"
479,34.65,-6.65,1.54,0.0,"2024-09-01 12:37:05"
480,33.46,-0.01,1.54,0.0,"2024-09-01 12:37:38"
481,33.51,0.08,1.54,0.0,"2024-09-01 12:38:10"
482,33.62,0.04,1.54,0.0,"2024-09-01 12:38:42"
483,33.29,0.84,1.54,0.0,"2024-09-01 12:39:14"
484,33.77,-0.02,1.54,0.0,"2024-09-01 12:39:47"
485,34.47,0.02,1.54,0.0,"2024-09-01 12:40:19"
486,35.27,0.05,1.54,0.0,"2024-09-01 12:40:51"
487,35.81,-0.01,1.54,0.0,"2024-09-01 12:41:23"
488,35.72,0.02,1.54,0.0,"2024-09-01 12:41:55"
489,36.46,0.02,1.54,0.0,"2024-09-01 12:42:27"
490,36.66,-0.22,0.0,0.0,"2024-09-01 12:43:00"
491,36.68,0.08,1.54,0.0,"2024-09-01 12:43:32"
492,37.17,-0.01,1.54,0.0,"2024-09-01 12:44:04"
493,37.45,0.0,1.54,0.0,"2024-09-01 12:44:36"
494,37.81,0.0,1.54,0.0,"2024-09-01 12:45:09"
495,37.34,-0.02,1.54,0.0,"2024-09-01 12:45:41"
496,37.02,0.01,1.54,0.0,"2024-09-01 12:46:13"
497,37.32,-0.03,1.54,0.0,"2024-09-01 12:46:45"
498,37.29,0.04,1.54,0.0,"2024-09-01 12:47:17"
499,37.27,0.02,1.54,0.0,"2024-09-01 12:47:49"
500,36.87,-0.11,1.54,0.7,"2024-09-01 12:48:21"
501,36.42,0.0,1.54,0.7,"2024-09-01 12:48:54"
502,36.44,0.02,1.54,0.7,"2024-09-01 12:49:26"
503,36.5,-0.01,1.54,0.7,"2024-09-01 12:49:58"
504,35.96,-0.05,1.54,0.7,"2024-09-01 12:50:30"
505,35.41,-0.04,1.54,0.7,"2024-09-01 12:51:02"
506,35.68,0.01,1.54,0.7,"2024-09-01 12:51:34"
507,36.8,0.02,0.0,0.0,"2024-09-01 12:54:56"
508,36.95,-0.02,2.37,0.0,"2024-09-01 12:55:26"
509,36.99,-0.01,2.19,0.0,"2024-09-01 12:55:56"
510,36.94,-0.11,3.18,0.0,"2024-09-01 12:56:26"
511,36.56,-0.02,3.4,0.0,"2024-09-01 12:56:56"
512,36.55,-0.03,2.95,0.0,"2024-09-01 12:57:26"
513,36.44,-0.03,3.09,0.0,"2024-09-01 12:57:56"
514,36.41,-0.05,2.73,0.0,"2024-09-01 12:58:26"
515,36.53,-6.65,2.28,0.0,"2024-09-01 12:58:56"
516,36.99,0.02,3.18,0.0,"2024-09-01 12:59:26"
517,36.76,-0.02,3.13,0.0,"2024-09-01 12:59:56"
518,36.58,-0.01,3.4,0.0,"2024-09-01 13:00:26"
519,35.81,-0.04,4.06,0.0,"2024-09-01 13:00:56"
520,35.06,-0.07,2.95,0.0,"2024-09-01 13:01:26"
521,35.1,-0.02,2.5,0.0,"2024-09-01 13:01:56"
522,35.05,-0.03,2.32,0.0,"2024-09-01 13:02:26"
523,35.62,0.0,2.77,0.0,"2024-09-01 13:02:56"
524,35.86,-0.04,2.23,0.0,"2024-09-01 13:03:26"
525,36.29,-0.05,2.32,0.0,"2024-09-01 13:03:56"
526,36.51,-0.18,2.19,0.0,"2024-09-01 13:04:26"
527,36.7,-0.02,1.82,0.0,"2024-09-01 13:04:56"
528,36.71,-0.06,2.14,0.0,"2024-09-01 13:05:26"
529,36.63,-0.03,2.28,0.0,"2024-09-01 13:05:56"
530,36.69,-0.19,2.86,0.0,"2024-09-01 13:06:26"
531,36.75,-0.19,2.28,0.0,"2024-09-01 13:06:56"
532,36.95,-0.08,2.77,0.0,"2024-09-01 13:07:26"
533,36.92,-0.08,2.55,0.0,"2024-09-01 13:07:56"
534,36.87,0.02,3.22,0.0,"2024-09-01 13:08:26"
535,36.51,-6.65,3.62,0.0,"2024-09-01 13:08:56"
536,36.19,0.0,3.22,0.0,"2024-09-01 13:09:26"
537,35.89,-0.04,2.5,0.0,"2024-09-01 13:09:56"
538,36.22,-0.03,3.04,0.0,"2024-09-01 13:10:26"
539,36.15,-0.05,3.22,0.0,"2024-09-01 13:10:56"
540,36.09,-0.06,3.09,0.0,"2024-09-01 13:11:26"
541,36.18,-0.02,3.04,0.0,"2024-09-01 13:11:56"
542,36.13,-0.09,2.68,0.0,"2024-09-01 13:12:26"
543,36.37,-6.65,2.86,0.0,"2024-09-01 13:12:56"
544,36.38,-0.04,3.27,0.0,"2024-09-01 13:13:26"
545,35.97,-6.65,2.73,0.0,"2024-09-01 13:13:56"
546,36.15,-0.07,2.59,0.0,"2024-09-01 13:14:26"
547,36.39,-0.2,2.82,0.0,"2024-09-01 13:14:56"
548,36.12,0.0,3.4,0.0,"2024-09-01 13:15:26"
549,36.13,-0.09,3.13,0.0,"2024-09-01 13:15:56"
550,36.18,-0.22,3.22,0.0,"2024-09-01 13:16:26"
551,35.84,-0.05,3.13,0.0,"2024-09-01 13:16:56"
552,35.86,-0.04,2.64,0.0,"2024-09-01 13:17:26"
553,36.32,-2.05,2.77,0.0,"2024-09-01 13:17:56"
554,36.18,-0.05,3.13,0.0,"2024-09-01 13:18:26"
555,36.04,-0.04,2.68,0.0,"2024-09-01 13:18:56"
556,36.04,-0.02,2.82,0.0,"2024-09-01 13:19:27"
557,35.99,-0.04,3.09,0.0,"2024-09-01 13:19:57"
558,35.9,-0.18,3.35,0.0,"2024-09-01 13:20:27"
559,36.09,-0.06,2.59,0.0,"2024-09-01 13:20:57"
560,36.2,-6.65,3.09,0.0,"2024-09-01 13:21:27"
561,36.0,-0.05,3.13,0.0,"2024-09-01 13:21:57"
562,35.8,-0.08,3.22,0.0,"2024-09-01 13:22:27"
563,35.9,-0.01,3.22,0.0,"2024-09-01 13:22:57"
564,35.87,-6.65,3.31,0.0,"2024-09-01 13:23:27"
565,35.77,-0.07,3.27,0.0,"2024-09-01 13:23:57"
566,35.56,-0.04,3.31,0.0,"2024-09-01 13:24:27"
567,35.64,-0.09,3.0,0.0,"2024-09-01 13:24:57"
568,35.5,-0.05,2.95,0.0,"2024-09-01 13:25:27"
569,35.55,-6.67,3.13,0.0,"2024-09-01 13:25:57"
570,35.67,0.31,3.27,0.0,"2024-09-01 13:26:27"
571,35.6,-0.04,2.77,0.0,"2024-09-01 13:26:57"
572,35.63,-0.08,2.37,0.0,"2024-09-01 13:27:27"
573,35.98,-0.19,2.23,0.0,"2024-09-01 13:27:57"
574,36.12,-0.47,2.0,0.0,"2024-09-01 13:28:27"
575,36.12,-0.06,2.5,0.0,"2024-09-01 13:28:57"
576,36.31,-0.08,2.82,0.0,"2024-09-01 13:29:27"
577,36.01,-0.23,3.18,0.0,"2024-09-01 13:29:57"
578,35.76,-0.09,3.18,0.0,"2024-09-01 13:30:27"
579,35.77,-0.11,3.35,0.0,"2024-09-01 13:30:57"
580,35.65,-0.04,2.82,0.0,"2024-09-01 13:31:27"
581,35.46,-0.09,3.04,0.0,"2024-09-01 13:31:57"
582,35.63,-0.13,2.32,0.0,"2024-09-01 13:32:27"
583,35.83,-0.1,2.55,0.0,"2024-09-01 13:32:57"
584,36.0,-0.06,3.04,0.0,"2024-09-01 13:33:27"
585,35.95,-0.12,2.91,0.0,"2024-09-01 13:33:57"
586,35.87,-0.12,2.73,0.0,"2024-09-01 13:34:27"
587,35.87,-0.21,2.68,0.0,"2024-09-01 13:34:57"
588,36.24,-0.06,2.23,0.0,"2024-09-01 13:35:27"
589,36.29,-0.11,2.5,0.0,"2024-09-01 13:35:57"
590,36.16,-0.12,2.82,0.0,"2024-09-01 13:36:27"
591,36.17,-0.89,2.41,0.0,"2024-09-01 13:36:57"
592,36.46,-0.09,2.77,0.0,"2024-09-01 13:37:27"
593,36.27,-0.14,2.86,0.0,"2024-09-01 13:37:57"
594,36.05,-6.65,3.8,0.0,"2024-09-01 13:38:27"
595,35.74,-6.65,3.0,0.0,"2024-09-01 13:38:57"
596,35.64,-0.24,2.19,0.0,"2024-09-01 13:39:27"
597,36.05,-0.24,2.68,0.0,"2024-09-01 13:39:57"
598,36.25,0.15,2.19,0.0,"2024-09-01 13:40:27"
599,36.27,-0.06,1.87,0.0,"2024-09-01 13:40:57"
600,36.4,-0.08,2.0,0.0,"2024-09-01 13:41:27"
601,35.96,-0.16,2.55,0.0,"2024-09-01 13:41:57"
602,35.68,-0.08,2.59,0.0,"2024-09-01 13:42:27"
603,35.92,-0.12,2.68,0.0,"2024-09-01 13:42:57"
604,35.95,-0.09,2.64,0.0,"2024-09-01 13:43:27"
605,35.95,-0.1,3.0,0.0,"2024-09-01 13:43:57"
606,35.84,-0.12,2.95,0.0,"2024-09-01 13:44:27"
607,35.8,-0.1,2.41,0.0,"2024-09-01 13:44:57"
608,36.41,-0.14,2.23,0.0,"2024-09-01 13:45:27"
609,36.64,-0.13,2.46,0.0,"2024-09-01 13:45:57"
610,36.58,-0.12,2.23,0.0,"2024-09-01 13:46:27"
611,37.0,1.47,2.09,0.0,"2024-09-01 13:46:57"
612,37.25,-0.07,2.82,0.0,"2024-09-01 13:47:27"
613,36.91,-0.18,2.86,0.0,"2024-09-01 13:47:57"
614,36.93,-0.1,3.09,0.0,"2024-09-01 13:48:27"
615,36.67,-0.03,2.82,0.0,"2024-09-01 13:48:57"
616,36.74,-0.26,2.86,0.0,"2024-09-01 13:49:27"
617,36.57,-0.13,2.68,0.0,"2024-09-01 13:49:57"
618,36.52,-0.1,2.95,0.0,"2024-09-01 13:50:27"
619,36.38,-0.08,2.5,0.0,"2024-09-01 13:50:57"
620,36.58,-0.15,2.41,0.0,"2024-09-01 13:51:27"
621,36.41,-0.11,3.53,0.0,"2024-09-01 13:51:57"
622,35.93,-0.08,2.73,0.0,"2024-09-01 13:52:27"
623,36.11,-0.15,2.64,0.0,"2024-09-01 13:52:57"
624,36.54,-0.07,2.37,0.0,"2024-09-01 13:53:27"
625,36.71,-0.12,2.86,0.0,"2024-09-01 13:53:57"
626,36.88,-0.17,2.86,0.0,"2024-09-01 13:54:27"
627,36.98,-0.1,3.58,0.0,"2024-09-01 13:54:57"
628,36.05,-0.12,3.49,0.0,"2024-09-01 13:55:27"
629,35.85,-0.14,3.04,0.0,"2024-09-01 13:55:57"
630,36.2,-0.13,3.22,0.0,"2024-09-01 13:56:27"
631,36.15,-6.65,2.0,0.0,"2024-09-01 13:56:57"
632,36.81,-0.1,2.28,0.0,"2024-09-01 13:57:27"
633,37.05,-0.19,2.73,0.0,"2024-09-01 13:57:57"
634,37.13,-0.13,2.0,0.0,"2024-09-01 13:58:27"
635,37.29,-0.09,2.68,0.0,"2024-09-01 13:58:57"
636,37.18,-0.16,3.09,0.0,"2024-09-01 13:59:27"
637,36.95,-0.12,2.32,0.0,"2024-09-01 13:59:57"
638,36.78,-0.12,2.14,0.0,"2024-09-01 14:00:27"
639,36.46,-0.15,2.64,0.0,"2024-09-01 14:00:57"
640,36.18,-0.1,2.5,0.0,"2024-09-01 14:01:27"
641,36.18,-0.13,3.0,0.0,"2024-09-01 14:01:57"
642,35.79,-0.12,3.0,0.0,"2024-09-01 14:02:27"
643,35.69,-0.12,3.58,0.0,"2024-09-01 14:02:57"
644,35.5,-0.14,3.31,0.0,"2024-09-01 14:03:27"
645,35.89,-0.16,0.0,0.0,"2024-09-01 14:04:42"
646,35.9,-0.15,3.27,0.0,"2024-09-01 14:05:12"
647,35.49,-0.2,3.44,0.0,"2024-09-01 14:05:42"
648,35.34,-0.15,3.58,0.0,"2024-09-01 14:06:12"
649,35.22,-0.15,3.62,0.0,"2024-09-01 14:06:42"
650,35.1,-0.07,3.75,0.0,"2024-09-01 14:07:12"
651,34.64,-0.14,2.86,0.0,"2024-09-01 14:07:42"
652,34.55,-6.65,3.53,0.0,"2024-09-01 14:08:12"
653,34.09,-0.2,2.95,0.0,"2024-09-01 14:08:42"
654,34.37,-0.12,2.64,0.0,"2024-09-01 14:09:12"
655,34.31,-0.16,2.5,0.0,"2024-09-01 14:09:42"
656,34.25,-0.16,2.14,0.0,"2024-09-01 14:10:12"
657,34.15,-0.14,2.23,0.0,"2024-09-01 14:10:42"
658,34.0,-0.13,2.37,0.0,"2024-09-01 14:11:12"
659,34.05,-0.11,2.37,0.0,"2024-09-01 14:11:42"
660,34.41,-0.07,2.55,0.0,"2024-09-01 14:12:12"
661,34.71,-0.14,2.09,0.0,"2024-09-01 14:12:42"
662,35.1,-6.65,2.64,0.0,"2024-09-01 14:13:12"
663,35.27,-0.14,2.91,0.0,"2024-09-01 14:13:42"
664,35.25,-0.11,2.91,0.0,"2024-09-01 14:14:12"
665,35.13,-0.19,3.67,0.0,"2024-09-01 14:14:42"
666,34.92,-0.36,3.44,0.0,"2024-09-01 14:15:12"
667,34.98,-0.13,2.19,0.0,"2024-09-01 14:15:42"
668,35.22,-0.95,3.22,0.0,"2024-09-01 14:16:12"
669,35.02,-0.21,3.0,0.0,"2024-09-01 14:16:42"
670,35.15,-0.13,3.62,0.0,"2024-09-01 14:17:12"
671,35.02,-0.13,3.31,0.0,"2024-09-01 14:17:42"
672,35.07,-0.16,3.31,0.0,"2024-09-01 14:18:12"
673,34.95,-0.12,3.44,0.0,"2024-09-01 14:18:42"
674,34.98,-0.16,2.95,0.0,"2024-09-01 14:19:12"
675,35.09,-0.14,2.55,0.0,"2024-09-01 14:19:42"
676,35.35,-0.17,2.14,0.0,"2024-09-01 14:20:12"
677,35.29,-0.1,2.95,0.0,"2024-09-01 14:20:42"
678,35.22,-0.16,2.64,0.0,"2024-09-01 14:21:12"
679,35.36,-0.28,2.68,0.0,"2024-09-01 14:21:42"
680,35.32,-0.21,2.5,0.0,"2024-09-01 14:22:12"
681,35.43,-0.34,2.73,0.0,"2024-09-01 14:22:42"
682,35.38,-0.22,2.82,0.0,"2024-09-01 14:23:12"
683,35.52,-0.18,2.82,0.0,"2024-09-01 14:23:42"
684,35.27,0.32,3.18,0.0,"2024-09-01 14:24:12"
685,35.23,-0.09,3.04,0.0,"2024-09-01 14:24:43"
686,35.07,-0.22,3.49,0.0,"2024-09-01 14:25:13"
687,35.05,-0.16,3.27,0.0,"2024-09-01 14:25:43"
688,34.99,-6.65,2.5,0.0,"2024-09-01 14:26:13"
689,35.39,-0.17,1.96,0.0,"2024-09-01 14:26:43"
690,35.69,-0.2,2.32,0.0,"2024-09-01 14:27:13"
691,35.7,-0.32,2.68,0.0,"2024-09-01 14:27:43"
692,35.7,-6.65,2.46,0.0,"2024-09-01 14:28:13"
693,35.86,0.73,2.14,0.0,"2024-09-01 14:28:43"
694,36.11,-0.2,2.59,0.0,"2024-09-01 14:29:13"
695,36.18,-0.16,2.05,0.0,"2024-09-01 14:29:43"
696,36.48,-0.17,1.96,0.0,"2024-09-01 14:30:13"
697,36.59,-0.15,2.59,0.0,"2024-09-01 14:30:43"
698,36.89,-0.29,0.0,0.0,"2024-09-01 14:32:44"
699,36.85,-0.22,2.05,0.0,"2024-09-01 14:33:14"
700,37.05,-0.07,2.37,0.0,"2024-09-01 14:33:44"
701,36.95,-0.35,2.59,0.0,"2024-09-01 14:34:14"
702,36.75,-0.16,2.68,0.0,"2024-09-01 14:34:44"
703,36.51,-0.18,3.27,0.0,"2024-09-01 14:35:14"
704,36.16,-0.2,2.55,0.0,"2024-09-01 14:35:44"
705,36.31,-0.27,2.09,0.0,"2024-09-01 14:36:14"
706,36.33,-0.21,2.41,0.0,"2024-09-01 14:36:44"
707,36.38,-0.21,3.27,0.0,"2024-09-01 14:37:14"
708,36.1,-0.2,3.27,0.0,"2024-09-01 14:37:44"
709,35.76,-0.22,3.13,0.0,"2024-09-01 14:38:14"
710,35.86,-0.13,2.41,0.0,"2024-09-01 14:38:44"
711,36.01,-0.24,2.68,0.0,"2024-09-01 14:39:14"
712,36.03,-0.14,3.0,0.0,"2024-09-01 14:39:44"
713,36.2,-0.35,2.5,0.0,"2024-09-01 14:40:14"
714,36.43,-6.65,2.73,0.0,"2024-09-01 14:40:44"
715,36.44,-0.22,2.5,0.0,"2024-09-01 14:41:14"
716,36.49,-0.17,2.5,0.0,"2024-09-01 14:41:45"
717,36.52,-0.22,3.0,0.0,"2024-09-01 14:42:15"
718,36.58,-0.22,2.37,0.0,"2024-09-01 14:42:45"
719,36.72,-0.1,2.55,0.0,"2024-09-01 14:43:15"
720,36.79,-0.07,2.28,0.0,"2024-09-01 14:43:45"
721,36.76,-0.16,2.32,0.0,"2024-09-01 14:44:15"
722,36.87,-0.19,2.14,0.0,"2024-09-01 14:44:45"
723,36.9,-0.14,2.46,0.0,"2024-09-01 14:45:15"
724,36.57,-6.65,3.09,0.0,"2024-09-01 14:45:45"
725,36.29,-0.22,3.4,0.0,"2024-09-01 14:46:15"
726,36.09,-0.16,3.18,0.0,"2024-09-01 14:46:45"
727,36.02,-0.22,2.23,0.0,"2024-09-01 14:47:15"
728,36.27,-6.65,3.0,0.0,"2024-09-01 14:47:45"
729,36.1,-6.63,3.62,0.0,"2024-09-01 14:48:15"
730,35.53,-0.23,3.18,0.0,"2024-09-01 14:48:45"
731,35.59,-0.24,4.28,0.0,"2024-09-01 14:49:15"
732,34.97,-0.05,4.41,0.0,"2024-09-01 14:49:45"
733,34.6,-0.21,3.49,0.0,"2024-09-01 14:50:15"
734,34.87,-0.27,3.49,0.0,"2024-09-01 14:50:45"
735,35.09,-0.27,3.4,0.0,"2024-09-01 14:51:15"
736,35.18,-0.19,2.59,0.0,"2024-09-01 14:51:45"
737,35.46,-0.21,2.5,0.0,"2024-09-01 14:52:15"
738,35.84,-0.2,1.82,0.0,"2024-09-01 14:52:45"
739,36.25,-0.18,1.96,0.0,"2024-09-01 14:53:15"
740,36.46,-0.25,1.87,0.0,"2024-09-01 14:53:45"
741,36.84,-0.19,2.64,0.0,"2024-09-01 14:54:15"
742,36.71,-0.21,2.64,0.0,"2024-09-01 14:54:45"
743,36.55,-0.18,2.68,0.0,"2024-09-01 14:55:15"
744,36.74,-0.25,1.91,0.0,"2024-09-01 14:55:45"
745,32.56,0.14,0.0,0.0,"2024-09-01 17:47:08"
746,32.53,0.15,1.87,0.0,"2024-09-01 17:47:38"
747,32.52,0.15,2.09,0.0,"2024-09-01 17:48:08"
748,32.47,-4.77,1.68,0.0,"2024-09-01 17:48:38"
749,32.46,-6.22,1.68,0.0,"2024-09-01 17:49:08"
750,32.4,2.13,1.77,0.0,"2024-09-01 17:49:38"
751,32.26,0.09,2.55,0.0,"2024-09-01 17:50:08"
752,32.24,0.18,2.19,0.0,"2024-09-01 17:50:38"
753,32.19,0.18,2.14,0.0,"2024-09-01 17:51:08"
754,32.21,-6.23,1.73,0.0,"2024-09-01 17:51:38"
755,32.16,-6.23,1.91,0.0,"2024-09-01 17:52:08"
756,32.15,0.16,1.87,0.0,"2024-09-01 17:52:38"
757,32.12,0.09,0.0,0.0,"2024-09-01 17:53:08"
758,32.09,0.14,2.32,0.0,"2024-09-01 17:53:38"
759,32.0,0.2,2.5,0.0,"2024-09-01 17:54:08"
760,31.93,0.1,1.91,0.0,"2024-09-01 17:54:38"
761,31.99,-6.23,1.64,0.0,"2024-09-01 17:55:08"
762,31.85,0.12,1.73,0.0,"2024-09-01 17:55:38"
763,31.91,0.29,1.54,0.0,"2024-09-01 17:56:08"
764,31.8,0.13,1.91,0.0,"2024-09-01 17:56:38"
765,31.75,-6.23,2.55,0.0,"2024-09-01 17:57:08"
766,31.71,0.13,2.09,0.0,"2024-09-01 17:57:38"
767,31.73,0.13,1.77,0.0,"2024-09-01 17:58:08"
768,31.79,0.12,1.68,0.0,"2024-09-01 17:58:38"
769,31.81,0.11,1.68,0.0,"2024-09-01 17:59:08"
770,31.83,0.08,0.0,0.0,"2024-09-01 17:59:38"
771,31.84,0.19,2.41,0.0,"2024-09-01 18:00:08"
772,31.69,0.09,2.68,0.0,"2024-09-01 18:00:38"
773,31.59,0.15,1.87,0.0,"2024-09-01 18:01:08"
774,31.61,0.14,2.64,0.0,"2024-09-01 18:01:38"
775,31.53,0.17,2.37,0.0,"2024-09-01 18:02:08"
776,31.53,0.15,2.73,0.0,"2024-09-01 18:02:38"
777,31.44,-6.23,2.73,0.0,"2024-09-01 18:03:08"
778,31.43,-6.23,2.41,0.0,"2024-09-01 18:03:38"
779,31.4,0.15,2.05,0.0,"2024-09-01 18:04:09"
780,31.49,-6.23,2.46,0.0,"2024-09-01 18:04:39"
781,31.38,0.13,2.59,0.0,"2024-09-01 18:05:09"
782,31.38,0.15,2.09,0.0,"2024-09-01 18:05:39"
783,31.37,0.2,2.05,0.0,"2024-09-01 18:06:09"
784,31.36,0.12,1.68,0.0,"2024-09-01 18:06:39"
785,31.31,0.19,1.91,0.0,"2024-09-01 18:07:09"
786,31.35,0.24,1.59,0.0,"2024-09-01 18:07:39"
787,31.33,0.11,0.0,0.0,"2024-09-01 18:08:09"
788,31.35,0.1,0.0,0.0,"2024-09-01 18:08:39"
789,31.3,0.11,1.68,0.0,"2024-09-01 18:09:09"
790,30.87,0.13,0.0,0.0,"2024-09-01 18:22:00"
791,30.82,0.15,2.05,0.0,"2024-09-01 18:22:30"
792,30.84,0.11,2.41,0.0,"2024-09-01 18:23:00"
793,30.84,-6.94,1.82,0.0,"2024-09-01 18:23:30"
794,30.86,0.11,1.68,0.0,"2024-09-01 18:24:00"
795,30.94,0.16,2.55,0.0,"2024-09-01 18:24:30"
796,30.86,-6.23,1.73,0.0,"2024-09-01 18:25:00"
797,30.89,-6.15,2.23,0.0,"2024-09-01 18:25:30"
798,30.84,0.05,2.64,0.0,"2024-09-01 18:26:00"
799,30.78,0.08,1.87,0.0,"2024-09-01 18:26:30"
800,30.79,0.26,1.96,0.0,"2024-09-01 18:27:00"
801,30.82,0.13,1.87,0.0,"2024-09-01 18:27:30"
802,30.87,0.14,2.0,0.0,"2024-09-01 18:28:00"
803,30.87,0.13,1.96,0.0,"2024-09-01 18:28:30"
804,30.93,0.63,1.82,0.0,"2024-09-01 18:29:00"
805,30.92,0.14,1.54,0.0,"2024-09-01 18:29:30"
806,30.93,0.12,1.73,0.0,"2024-09-01 18:30:00"
807,30.9,0.17,1.59,0.0,"2024-09-01 18:30:30"
808,30.88,0.16,1.82,0.0,"2024-09-01 18:31:00"
809,30.84,-6.23,1.87,0.0,"2024-09-01 18:31:30"
810,30.83,0.16,1.59,0.0,"2024-09-01 18:32:00"
811,30.87,0.13,0.0,0.0,"2024-09-01 18:32:30"
812,30.82,-6.23,1.96,0.0,"2024-09-01 18:33:00"
813,30.74,0.14,2.28,0.0,"2024-09-01 18:33:30"
814,30.7,0.15,2.41,0.0,"2024-09-01 18:34:00"
815,30.6,0.17,2.09,0.0,"2024-09-01 18:34:30"
816,30.66,0.64,1.87,0.0,"2024-09-01 18:35:00"
817,30.67,0.18,2.23,0.0,"2024-09-01 18:35:30"
818,30.61,0.13,2.05,0.0,"2024-09-01 18:36:00"
819,30.59,0.15,2.41,0.0,"2024-09-01 18:36:30"
820,30.55,0.18,2.5,0.0,"2024-09-01 18:37:00"
821,30.53,-0.03,2.32,0.0,"2024-09-01 18:37:30"
822,30.56,0.13,1.82,0.0,"2024-09-01 18:38:00"
823,30.61,0.19,1.64,0.0,"2024-09-01 18:38:30"
824,30.56,0.15,2.73,0.0,"2024-09-01 18:39:00"
825,30.47,0.16,2.37,0.0,"2024-09-01 18:39:30"
826,30.49,-6.23,1.91,0.0,"2024-09-01 18:40:00"
827,30.52,0.2,1.87,0.0,"2024-09-01 18:40:30"
828,30.53,0.14,1.87,0.0,"2024-09-01 18:41:00"
829,30.56,0.16,1.77,0.0,"2024-09-01 18:41:30"
830,30.55,0.14,2.14,0.0,"2024-09-01 18:42:00"
831,30.51,0.2,2.86,0.0,"2024-09-01 18:42:30"
832,30.41,0.2,1.96,0.0,"2024-09-01 18:43:00"
833,30.43,0.17,1.91,0.0,"2024-09-01 18:43:30"
834,30.42,0.17,2.05,0.0,"2024-09-01 18:44:00"
835,30.47,-6.23,2.19,0.0,"2024-09-01 18:44:30"
836,30.43,0.17,1.64,0.0,"2024-09-01 18:45:00"
837,30.47,0.17,1.68,0.0,"2024-09-01 18:45:30"
838,30.4,1.29,1.82,0.0,"2024-09-01 18:46:00"
839,30.41,0.16,1.82,0.0,"2024-09-01 18:46:30"
840,30.38,0.14,1.68,0.0,"2024-09-01 18:47:00"
841,30.4,-6.23,0.0,0.0,"2024-09-01 18:47:30"
842,30.44,0.21,0.0,0.0,"2024-09-01 18:48:00"
843,30.39,-6.23,0.0,0.0,"2024-09-01 18:48:30"
844,30.39,-6.23,1.59,0.0,"2024-09-01 18:49:00"
845,30.4,0.15,2.23,0.0,"2024-09-01 18:49:30"
846,30.33,0.13,1.96,0.0,"2024-09-01 18:50:01"
847,30.36,0.15,2.0,0.0,"2024-09-01 18:50:31"
848,30.32,0.12,2.09,0.0,"2024-09-01 18:51:01"
849,30.29,0.12,2.32,0.0,"2024-09-01 18:51:31"
850,30.25,-6.23,1.73,0.0,"2024-09-01 18:52:01"
851,30.29,0.19,1.54,0.0,"2024-09-01 18:52:31"
852,30.33,0.14,2.14,0.0,"2024-09-01 18:53:01"
853,30.29,0.14,2.09,0.0,"2024-09-01 18:53:31"
854,30.29,-4.39,1.87,0.0,"2024-09-01 18:54:01"
855,30.28,-6.26,1.64,0.0,"2024-09-01 18:54:31"
856,30.31,0.19,2.37,0.0,"2024-09-01 18:55:01"
857,30.21,0.16,1.87,0.0,"2024-09-01 18:55:31"
858,30.25,0.13,2.5,0.0,"2024-09-01 18:56:01"
859,30.15,0.25,2.41,0.0,"2024-09-01 18:56:31"
860,30.15,-4.76,2.09,0.0,"2024-09-01 18:57:01"
861,30.09,-6.12,2.41,0.0,"2024-09-01 18:57:31"
862,30.08,0.19,2.14,0.0,"2024-09-01 18:58:01"
863,30.11,0.18,1.68,0.0,"2024-09-01 18:58:31"
864,30.12,0.2,1.73,0.0,"2024-09-01 18:59:01"
865,30.11,0.18,1.77,0.0,"2024-09-01 18:59:31"
866,30.15,0.13,1.54,0.0,"2024-09-01 19:00:01"
867,30.15,0.16,1.73,0.0,"2024-09-01 19:00:31"
868,30.15,0.18,1.87,0.0,"2024-09-01 19:01:01"
869,30.13,0.01,1.96,0.0,"2024-09-01 19:01:31"
870,30.08,0.58,2.64,0.0,"2024-09-01 19:02:01"
871,30.14,0.21,2.14,0.0,"2024-09-01 19:02:31"
872,30.15,-2.64,0.0,0.0,"2024-09-01 19:03:01"
873,30.16,0.18,1.64,0.0,"2024-09-01 19:03:31"
874,30.14,0.14,1.91,0.0,"2024-09-01 19:04:01"
875,30.12,0.13,2.19,0.0,"2024-09-01 19:04:31"
876,30.12,0.17,1.59,0.0,"2024-09-01 19:05:01"
877,30.18,-6.24,1.82,0.0,"2024-09-01 19:05:31"
878,30.19,-6.31,1.73,0.0,"2024-09-01 19:06:01"
879,30.17,0.14,2.23,0.0,"2024-09-01 19:06:31"
880,30.09,-6.23,2.46,0.0,"2024-09-01 19:07:01"
881,30.09,0.18,1.82,0.0,"2024-09-01 19:07:31"
882,30.02,0.17,1.82,0.0,"2024-09-01 19:08:01"
883,30.08,0.25,1.64,0.0,"2024-09-01 19:08:31"
884,30.06,0.13,2.14,0.0,"2024-09-01 19:09:01"
885,30.04,-6.23,2.37,0.0,"2024-09-01 19:09:31"
886,30.0,0.1,2.05,0.0,"2024-09-01 19:10:01"
887,30.01,-6.23,2.05,0.0,"2024-09-01 19:10:31"
888,30.02,0.14,2.14,0.0,"2024-09-01 19:11:01"
889,29.98,0.17,2.14,0.0,"2024-09-01 19:11:31"
890,29.98,0.15,1.87,0.0,"2024-09-01 19:12:01"
891,29.95,0.19,2.05,0.0,"2024-09-01 19:12:31"
892,30.0,0.22,1.87,0.0,"2024-09-01 19:13:01"
893,30.01,0.16,1.59,0.0,"2024-09-01 19:13:31"
894,30.01,0.17,1.64,0.0,"2024-09-01 19:14:01"
895,30.01,0.16,0.0,0.0,"2024-09-01 19:14:31"
896,30.05,0.13,0.0,0.0,"2024-09-01 19:15:01"
897,30.01,-6.23,2.0,0.0,"2024-09-01 19:15:31"
898,29.93,0.19,1.68,0.0,"2024-09-01 19:16:01"
899,29.94,0.17,1.96,0.0,"2024-09-01 19:16:31"
900,29.86,0.31,2.19,0.0,"2024-09-01 19:17:01"
901,29.82,0.14,2.28,0.0,"2024-09-01 19:17:31"
902,29.76,0.14,1.96,0.0,"2024-09-01 19:18:01"
903,29.75,0.18,2.23,0.0,"2024-09-01 19:18:31"
904,29.8,0.2,2.37,0.0,"2024-09-01 19:19:01"
905,29.7,1.93,2.19,0.0,"2024-09-01 19:19:31"
906,29.78,0.08,1.77,0.0,"2024-09-01 19:20:01"
907,29.74,0.21,2.19,0.0,"2024-09-01 19:20:31"
908,29.67,0.27,2.14,0.0,"2024-09-01 19:21:01"
909,29.77,0.2,1.91,0.0,"2024-09-01 19:21:31"
910,29.79,0.1,1.73,0.0,"2024-09-01 19:22:01"
911,29.84,0.16,1.82,0.0,"2024-09-01 19:22:31"
912,29.9,0.12,1.73,0.0,"2024-09-01 19:23:01"
913,29.88,0.17,1.96,0.0,"2024-09-01 19:23:31"
914,29.98,0.16,1.77,0.0,"2024-09-01 19:24:01"
915,29.93,0.14,1.91,0.0,"2024-09-01 19:24:31"
916,29.94,0.19,1.59,0.0,"2024-09-01 19:25:01"
917,29.89,0.25,1.91,0.0,"2024-09-01 19:25:31"
918,29.9,-6.23,1.82,0.0,"2024-09-01 19:26:01"
919,29.79,0.15,2.23,0.0,"2024-09-01 19:26:31"
920,29.83,0.17,1.77,0.0,"2024-09-01 19:27:01"
921,29.79,0.18,1.68,0.0,"2024-09-01 19:27:31"
922,29.84,0.15,1.91,0.0,"2024-09-01 19:28:01"
923,29.75,0.12,1.54,0.0,"2024-09-01 19:28:31"
924,29.7,0.18,0.0,0.0,"2024-09-01 19:29:01"
925,29.77,0.22,0.0,0.0,"2024-09-01 19:29:31"
926,29.75,0.24,1.87,0.0,"2024-09-01 19:30:01"
927,29.7,-6.23,1.68,0.0,"2024-09-01 19:30:31"
928,29.79,0.17,1.82,0.0,"2024-09-01 19:31:01"
929,29.83,0.21,1.59,0.0,"2024-09-01 19:31:31"
930,29.77,0.16,1.82,0.0,"2024-09-01 19:32:01"
931,29.81,-6.23,1.64,0.0,"2024-09-01 19:32:31"
932,29.81,0.13,1.64,0.0,"2024-09-01 19:33:01"
933,29.78,0.11,0.0,0.0,"2024-09-01 19:33:31"
934,29.81,1.48,0.0,0.0,"2024-09-01 19:34:01"
935,29.83,0.19,0.0,0.0,"2024-09-01 19:34:31"
936,29.81,-6.17,1.59,0.0,"2024-09-01 19:35:01"
937,29.75,0.25,1.64,0.0,"2024-09-01 19:35:31"
938,29.76,0.12,0.0,0.0,"2024-09-01 19:36:01"
939,29.79,0.19,1.91,0.0,"2024-09-01 19:36:31"
940,29.7,0.22,1.73,0.0,"2024-09-01 19:37:01"
941,29.65,0.23,1.68,0.0,"2024-09-01 19:37:31"
942,29.67,0.06,2.14,0.0,"2024-09-01 19:38:01"
943,29.57,0.22,1.96,0.0,"2024-09-01 19:38:31"
944,29.59,0.22,1.91,0.0,"2024-09-01 19:39:01"
945,29.58,0.19,1.64,0.0,"2024-09-01 19:39:31"
946,29.57,2.45,0.0,0.0,"2024-09-01 19:40:01"
947,29.67,0.18,0.0,0.0,"2024-09-01 19:40:31"
948,29.7,0.19,1.54,0.0,"2024-09-01 19:41:01"
949,29.65,0.19,1.54,0.0,"2024-09-01 19:41:31"
950,29.67,-6.23,0.0,0.0,"2024-09-01 19:42:02"
951,29.7,-6.24,1.82,0.0,"2024-09-01 19:42:32"
952,29.69,0.22,2.0,0.0,"2024-09-01 19:43:02"
953,29.59,0.24,1.87,0.0,"2024-09-01 19:43:32"
954,29.59,0.24,1.64,0.0,"2024-09-01 19:44:02"
955,29.62,2.1,1.82,0.0,"2024-09-01 19:44:32"
956,29.65,0.22,0.0,0.0,"2024-09-01 19:45:02"
957,29.62,0.18,0.0,0.0,"2024-09-01 19:45:32"
958,29.62,-6.24,1.87,0.0,"2024-09-01 19:46:02"
959,29.56,0.24,1.64,0.0,"2024-09-01 19:46:32"
960,29.54,-6.23,1.82,0.0,"2024-09-01 19:47:02"
961,29.5,0.26,1.64,0.0,"2024-09-01 19:47:32"
962,29.56,0.27,1.59,0.0,"2024-09-01 19:48:02"
963,29.53,0.32,1.96,0.0,"2024-09-01 19:48:32"
964,29.6,0.16,1.54,0.0,"2024-09-01 19:49:02"
965,29.69,0.23,1.73,0.0,"2024-09-01 19:49:32"
966,29.75,0.24,1.59,0.0,"2024-09-01 19:50:02"
967,29.79,-6.23,0.0,0.0,"2024-09-01 19:50:32"
968,29.78,0.26,1.59,0.0,"2024-09-01 19:51:02"
969,29.76,0.21,1.54,0.0,"2024-09-01 19:51:32"
970,29.71,0.2,1.68,0.0,"2024-09-01 19:52:02"
971,29.68,0.15,1.59,0.0,"2024-09-01 19:52:32"
972,29.75,0.19,1.73,0.0,"2024-09-01 19:53:02"
973,29.66,0.18,1.59,0.0,"2024-09-01 19:53:32"
974,29.63,0.05,0.0,0.0,"2024-09-01 19:54:02"
975,29.64,0.22,0.0,0.0,"2024-09-01 19:54:32"
